Sector,Recategorized
Overall,Overall
Manufacturing,Manufacturing and Transportation
Consumer Spending and Tourism,Consumer Spending and Tourism
Nonfinancial Services,Nonfinancial Services
Real Estate and Construction,Real Estate and Construction
Banking and Financial Services,Banking and Financial Services
Agriculture and Natural Resources,Agriculture and Natural Resources
Prices and Labor Markets,Prices and Labor Markets
Retail,Retail
Manufacturing and Related Services,Manufacturing and Transportation
Selected Business Services,Selected Business Services
Commercial Real Estate,Real Estate and Construction
Residential Real Estate,Real Estate and Construction
Consumer Spending,Consumer Spending and Tourism
Construction and Real Estate,Real Estate and Construction
Other Business Activity,Selected Business Services
Finance,Banking and Financial Services
Services,Selected Business Services
Real Estate,Real Estate and Construction
Banking,Banking and Financial Services
Energy,Energy
Transportation,Manufacturing and Transportation
Labor Markets,Labor
Tourism,Consumer Spending and Tourism
Manufacturing and Transportation,Manufacturing and Transportation
Banking and Finance,Banking and Financial Services
Employment and Prices,Prices and Labor Markets
Natural Resources and Agriculture,Agriculture and Natural Resources
Business Spending,Selected Business Services
Prices and Costs,Prices and Labor Markets
Agriculture,Agriculture and Natural Resources
Manufacturing and Other Business Activity,Manufacturing and Transportation
Energy and Mining,Energy
"Employment, Wages, and Prices",Prices and Labor Markets
Wages and Prices,Prices and Labor Markets
Prices,Prices and Labor Markets
Labor,Prices and Labor Markets
Financial Services,Banking and Financial Services
Retail Trade and Services,Retail
Agriculture and Resource-related Industries,Agriculture and Natural Resources
Software and Information Technology Services,Selected Business Services
Staffing Services,Selected Business Services
Labor Market,Prices and Labor Markets
Retail Sales,Consumer Spending and Tourism
 Services,Selected Business Services
 Employment and Prices,Prices and Labor Markets
Non-financial Services,Nonfinancial Services
Retail and Tourism,Consumer Spending and Tourism
Construction,Real Estate and Construction
 Natural Resources and Agriculture,Agriculture and Natural Resources
Financial Institutions,Banking and Financial Services
 Consumer Spending and Tourism,Consumer Spending and Tourism
Prices and Wages,Prices and Labor Markets
Agriculture and Natural Resource Industries,Agriculture and Natural Resources
 Energy,Energy
Manufacturing¬†,Manufacturing and Transportation
Employment and Price,Prices and Labor Markets
Financial Services¬†,Retail
 Other Business Activity¬†,Banking and Financial Services
Construction¬†,Selected Business Services
 Manufacturing¬†,Real Estate and Construction
"Construction and Real Estate
",Manufacturing and Transportation
"Other Business Activity
",Real Estate and Construction
"Manufacturing
",Selected Business Services
"Retail
",Manufacturing and Transportation
"Finance
",Consumer Spending and Tourism
"Real Estate and Construction
",Banking and Financial Services
"Services
",Real Estate and Construction
"Real Estate
",Selected Business Services
"Banking
",Real Estate and Construction
"Energy
",Banking and Financial Services
"Transportation
",Energy
"Labor Markets
",Manufacturing and Transportation
"Tourism
",Prices and Labor Markets
"Consumer Spending and Tourism
",Consumer Spending and Tourism
"Manufacturing and Transportation
",Consumer Spending and Tourism
"Banking and Finance
",Manufacturing and Transportation
"Employment and Prices
",Banking and Financial Services
"Natural Resources and Agriculture
",Prices and Labor Markets
"Prices and Costs
",Agriculture and Natural Resources
"Agriculture
",Prices and Labor Markets
"Manufacturing and Other Business Activity
",Agriculture and Natural Resources
"Agriculture and Natural Resources
",Manufacturing and Transportation
"Energy and Mining
",Agriculture and Natural Resources
"Employment, Wages, and Prices
",Energy
"Wages and Prices
",Prices and Labor Markets
"Prices
",Prices and Labor Markets
"Labor Market
",Prices and Labor Markets
"Retail Sales
",Prices and Labor Markets
"Financial Services
",Consumer Spending and Tourism
"Retail Trade and Services
",Banking and Financial Services
"Agriculture and Resource-related Industries
",Consumer Spending and Tourism
"Freight Transportation
",Agriculture and Natural Resources
 ,Manufacturing and Transportation
"Consumer Spending and Tourism¬†
",Null
"Nonfinancial Services¬†
",Consumer Spending and Tourism
"Banking and Financial Services
",Nonfinancial Services
"Prices, Wages, and Employment",Banking and Financial Services
.,Prices and Labor Markets
"Ports
",Overall
Energy¬†,Manufacturing and Transportation
"Commercial Real Estate
",Energy
"Manufacturing¬†
",Real Estate and Construction
"Finance¬†¬†
",Manufacturing and Transportation
"Real Estate and Construction¬†¬†
",Banking and Financial Services
"ervices¬†¬†
",Real Estate and Construction
"Real Estate¬†
",Selected Business Services
"Consumer Spending¬†
",Real Estate and Construction
"Freight Transportation¬†
",Consumer Spending and Tourism
"Ports¬†
",Manufacturing and Transportation
"Retail¬†
",Manufacturing and Transportation
"Services¬†
",Consumer Spending and Tourism
"Finance¬†
",Selected Business Services
"Agriculture and Natural Resources¬†
",Banking and Financial Services
"Manufacturing and Transportation¬†
",Agriculture and Natural Resources
"Banking and Finance¬†
",Manufacturing and Transportation
"Employment and Prices¬†
",Banking and Financial Services
"Natural Resources and Agriculture¬†
",Prices and Labor Markets
"Construction/real estate
",Agriculture and Natural Resources
"Banking/finance
",Real Estate and Construction
"Prices/costs
",Banking and Financial Services
"Employment, Wages and Prices",Prices and Labor Markets
"Manufacturing and Other Business Activity¬†
",Prices and Labor Markets
"Real Estate and Construction¬†
",Manufacturing and Transportation
"Banking¬†
",Real Estate and Construction
"Agriculture¬†
",Banking and Financial Services
"Wages and Prices¬†
",Agriculture and Natural Resources
"Prices¬†
",Prices and Labor Markets
"Labor Market¬†
",Prices and Labor Markets
"Manufacturing¬† ¬†
",Prices and Labor Markets
"Retail Sales¬† ¬†
",Manufacturing and Transportation
"Nonfinancial Services¬† ¬†
",Consumer Spending and Tourism
"Construction and Real Estate¬†
",Banking and Financial Services
"Financial Services¬†
",Real Estate and Construction
"Energy¬† ¬†
",Banking and Financial Services
"Retail and Tourism
",Energy
"Manufacturing and Related Services
",Consumer Spending and Tourism
"Selected Business Services
",Manufacturing and Transportation
"Residential Real Estate
",Selected Business Services
"Nonfinancial Services
",Real Estate and Construction
"Software and Information Technology Services
",Nonfinancial Services
"Staffing Services
",Selected Business Services
"Agriculture and Natural Resource Industries
",Selected Business Services
"Construction and Real Sstate
",Agriculture and Natural Resources
Business Spending and Hiring,Real Estate and Construction
"Prices and Wages
",Banking and Financial Services
"
",Prices and Labor Markets
Freight Transportation,Overall
Ports,Manufacturing and Transportation
Construction/real estate,Manufacturing and Transportation
Banking/finance,Real Estate and Construction
Prices/costs,Banking and Financial Services
"Prices, Wages, and Employment
",Prices and Labor Markets
Manufacturing.,Prices and Labor Markets
Real Estate and Construction.,Manufacturing and Transportation
Consumer Spending.,Real Estate and Construction
Banking.,Consumer Spending and Tourism
Energy.,Banking and Financial Services
Freight Transportation.,Energy
"Hiring and Business Spending
",Manufacturing and Transportation
Software and Information Technology Services¬†,Prices and Labor Markets
 Agriculture,Selected Business Services
 Selected Business Services,Agriculture and Natural Resources
 Commercial Real Estate,Selected Business Services
 Residential Real Estate¬†,Real Estate and Construction
Consumer Spending¬†,Real Estate and Construction
Manufacturing and Other Business Activity¬†,Consumer Spending and Tourism
Real Estate and Construction¬†,Manufacturing and Transportation
Agriculture and Natural Resources¬†,Real Estate and Construction
"Employment, Wages, and Prices¬†",Agriculture and Natural Resources
Retail and Services,Prices and Labor Markets
"Employment and Wages
",Consumer Spending and Tourism
Manufacturing and Related Services¬†,Prices and Labor Markets
Selected Business Services¬†,Manufacturing and Transportation
Nonfinancial Services¬†,Selected Business Services
"Agriculture, Oil, and Other Resource-based Industries",Nonfinancial Services
"Employment, Wages and Prices
",Agriculture and Natural Resources
"Manufacturing and Related Services¬†
",Prices and Labor Markets
"Selected Business Services¬†
",Manufacturing and Transportation
Retail¬†,Selected Business Services
Finance¬†,Consumer Spending and Tourism
Construction and Real Estate¬†¬†,Banking and Financial Services
Banking and Finance¬†,Real Estate and Construction
Agriculture¬†,Banking and Financial Services
Labor Market¬†,Agriculture and Natural Resources
Manufacturing¬†¬†,Prices and Labor Markets
Nonfinancial Services¬†¬†¬†,Manufacturing and Transportation
Construction and Real Estate¬†,Nonfinancial Services
"Agriculture and Resource-Related Industries¬†
",Real Estate and Construction
Manufacturing ,Agriculture and Natural Resources
Software and IT Services,Manufacturing and Transportation
Services ,Selected Business Services
Employment and Wages,Selected Business Services
Manufacturing and Related Services ,Prices and Labor Markets
Manufacturing and Other Services,Manufacturing and Transportation
"Employment, Prices, and Wages",Manufacturing and Transportation
Overall Economic Activity,Prices and Labor Markets
Boston,Overall
New York,Overall
Philadelphia,Overall
Cleveland,Overall
Richmond,Overall
Atlanta,Overall
Chicago,Overall
St. Louis,Overall
Minneapolis,Overall
Kansas City,Overall
Dallas,Overall
San Francisco,Overall
Summary of Economic Activity,Overall
Manufacturing and Distribution,Overall
Manufacturing and Construction,Manufacturing and Transportation
Ports and Transportation,Manufacturing and Transportation
"Retail, Travel, and Tourism",Manufacturing and Transportation
"Agriculture, Energy and Natural Resources",Consumer Spending and Tourism
Employment and Wages ,Agriculture and Natural Resources
Prices ,Prices and Labor Markets
Consumer Spending ,Prices and Labor Markets
Banking and Finance ,Consumer Spending and Tourism
Energy ,Banking and Financial Services
Agriculture and Resource-Related Industries ,Energy
Industrial Production,Agriculture and Natural Resources
"Agriculture, Energy, and Natural Resources",Manufacturing and Transportation
Manufacturing and Other Business Activity ,Agriculture and Natural Resources
Real Estate and Construction ,Manufacturing and Transportation
Overall Economic Activity ,Real Estate and Construction
New York ,Overall
Atlanta ,Overall
St. Louis ,Overall
Kansas City ,Overall
Information Technology Services,Overall
Professional Services,Selected Business Services
Summary of Economic Activity ,Selected Business Services
Retail and Tourism ,Overall
Summary of Economic Activty,Consumer Spending and Tourism
Professional and Business Services,Overall
Freight,Selected Business Services
Freight ,Manufacturing and Transportation
Staffing,Manufacturing and Transportation
Natural Resources,Prices and Labor Markets
Professional Business Services,Agriculture and Natural Resources
,Selected Business Services
Construction and Real Estate ,Manufacturing and Transportation
Commercial Real Estate ,Real Estate and Construction
Minority- and Women-Owned Business Enterprises,Real Estate and Construction
Software and Information Technology Services ,Selected Business Services
Labor Markets ,Selected Business Services
Minority- and Women-Owned Business Enterprises ,Prices and Labor Markets
Community and Regional Banking,Selected Business Services
Community Perspectives,Banking and Financial Services
Community Conditions,Prices and Labor Markets
Worker Experience ,Prices and Labor Markets
Community Conditions ,Prices and Labor Markets
Nonfinancial Services ,Prices and Labor Markets
Financial Institutions ,Nonfinancial Services
"Business Spending
",Banking and Financial Services
¬†,Business Spending
across,Prices and Labor Markets
Highlights by Federal Reserve District,Consumer Spending and Tourism
A Special Note on the Impact of Hurricane Harvey,Overall
Worker Experience,Overall
"Highlights by Federal Reserve District
Boston",Prices and Labor Markets
Financial Services ,Overall
Highlights by Federal Reserve District ,Banking and Financial Services
"Consumer Spending
",Overall
 Other Business Activity,Overall
 Manufacturing,Manufacturing and Transportation
Null,Consumer Spending and Tourism
"ervices
",Nonfinancial Services
"Manufacturing 
",Real Estate and Construction
"Retail Sales 
",Banking and Financial Services
"Nonfinancial Services 
",Agriculture and Natural Resources
"Energy 
",Prices and Labor Markets
 Residential Real Estate,Retail
Sector,Selected Business Services
Summary,Selected Business Services
"Energy, Mining and Forestry",Energy
Financial Institutions and Credit,Real Estate and Construction
Nonbank Financial Services,Manufacturing and Transportation
The Outlook,Consumer Spending and Tourism
Financial Developments,Energy
Labor Demand,Banking and Financial Services
Retailers,Selected Business Services
Autos,Real Estate and Construction
Banking and Credit,Manufacturing and Transportation
Retail Trade,Null
Port Activity,Consumer Spending and Tourism
Temporary Employment,Nonfinancial Services
State Revenues,Manufacturing and Transportation
Tourism and Business Travel,Banking and Financial Services
Financial,Real Estate and Construction
Housing/Construction,Selected Business Services
Manufacturing Activity,Real Estate and Construction
Inventories and Prices,Manufacturing and Transportation
Construction and Real Eestate,Manufacturing and Transportation
Natural Resource Industries,Retail
Manufacturing and Technology,Selected Business Services
Housing,Agriculture and Natural Resources
Business Sentiment,Manufacturing and Transportation
National Resource Industries,Banking and Financial Services
Financial Services and Credit,Prices and Labor Markets
Temporary Employment Firms,Agriculture and Natural Resources
Agricultural Conditions,Selected Business Services
Retailing,Manufacturing and Transportation
Auto Dealers,Banking and Financial Services
Tourism and Recreation,Agriculture and Natural Resources
Wages,Prices and Labor Markets
Agriculture and Resource Related Industries,Prices and Labor Markets
Tourism and Services,Prices and Labor Markets
"Labor Markets, Wages, and Prices",Manufacturing and Transportation
Insurance,Retail
Capital Spending,Nonfinancial Services
Trucking and Shipping,Real Estate and Construction
Prices and Labor,Banking and Financial Services
Trade,Energy
Mining and Energy,Consumer Spending and Tourism
Services and Tourism,Business Spending
Labor Markets and Prices,Agriculture and Natural Resources
Travel and Tourism,Null
"Agriculture, Mining, Natural Resources",Selected Business Services
"Labor Markets, Wages, Prices",Real Estate and Construction
Labor and Prices,Manufacturing and Transportation
Prices and Employment Costs,Prices and Labor Markets
Software and Information Technology (IT) Services,Manufacturing and Transportation
"Labor Markets, Wages and Prices",Manufacturing and Transportation
Agriculture and Fishing,Selected Business Services
<br/>Financial Developments,Banking and Financial Services
Retail Sales.,Banking and Financial Services
Construction.,Agriculture and Natural Resources
Trucking and Shipping.,Prices and Labor Markets
Overview,Agriculture and Natural Resources
Summary:,Nonfinancial Services
Consumer Spending:,Consumer Spending and Tourism
Real Estate:,Real Estate and Construction
Manufacturing:,Manufacturing and Transportation
Tourism and Business Travel:,Consumer Spending and Tourism
Banking and Finance:,Banking and Financial Services
Transportation:,Manufacturing and Transportation
Wages and Prices:,Prices and Labor Markets
Agriculture:,Agriculture and Natural Resources
Summary.,Overall
Business Spending.,Business Spending
Construction/real estate.,Real Estate and Construction
Banking/finance.,Banking and Financial Services
Prices/costs.,Prices and Labor Markets
Agriculture.,Agriculture and Natural Resources
Wages and Prices.,Prices and Labor Markets
Prices.,Prices and Labor Markets
Labor Market.,Prices and Labor Markets
Services.,Selected Business Services
Financial Services.,Banking and Financial Services
Construction and Real Estate.,Real Estate and Construction
Consumer Spending <br/>,Consumer Spending and Tourism
Consumer spending/tourism,Consumer Spending and Tourism
Business spending/hiring,Business Spending
Prices/employment costs,Prices and Labor Markets
Agriculture/natural resources,Agriculture and Natural Resources
Manufacturers,Manufacturing and Transportation
Service Industries,Selected Business Services
"Prices, Wages, and Labor Markets",Prices and Labor Markets
Labor Markets and Wages,Prices and Labor Markets
Natural Resources Industries,Agriculture and Natural Resources
Hurricane Katrina,Overall
Natural Resources &amp; Agriculture,Agriculture and Natural Resources
Energy and Natural Resources,Energy
Services Industries,Selected Business Services
Consumer Spending<br/>,Consumer Spending and Tourism
"Employment, Wages, Prices",Prices and Labor Markets
Agriculture and Natural,Agriculture and Natural Resources
"Labor Markets and Wages, and Prices",Prices and Labor Markets
Prices and Labor Costs,Prices and Labor Markets
Consumer Spending and Tourism<br> </br>,Consumer Spending and Tourism
Services<br> </br>,Selected Business Services
Manufacturing<br> </br>,Manufacturing and Transportation
Banking and Finance<br/>,Banking and Financial Services
Agriculture<br/>,Agriculture and Natural Resources
Natural Resources<br/>,Agriculture and Natural Resources
"Labor Markets, Wages, and Prices<br/>",Prices and Labor Markets
Manufacturing and Related Services<br/>,Manufacturing and Transportation
Manufacturing<br/>,Manufacturing and Transportation
Construction<br/>,Real Estate and Construction
Retail<br/>,Retail
Banking<br/>,Banking and Financial Services
Energy<br/>,Energy
Transportation<br/>,Manufacturing and Transportation
Services<br/>,Selected Business Services
Finance<br/>,Banking and Financial Services
Real Estate<br/>,Real Estate and Construction
Tourism<br/>,Consumer Spending and Tourism
Temporary Employment<br/>,Prices and Labor Markets
Consumer Spending and Tourism<br/>,Consumer Spending and Tourism
Manufacturing and Transportation<br/>,Manufacturing and Transportation
Employment and Prices<br/>,Prices and Labor Markets
Agriculture and Natural Resources<br/>,Agriculture and Natural Resources
Business Spending<br/>,Business Spending
Services <br/>,Selected Business Services
Construction and Real Estate <br/>,Real Estate and Construction
Real Estate and Construction<br/>,Real Estate and Construction
Labor Markets and Wages<br/>,Prices and Labor Markets
Prices<br/>,Prices and Labor Markets
Labor Market<br/>,Prices and Labor Markets
Retail Sales<br/>,Retail
Construction and Real Estate<br/>,Real Estate and Construction
Financial Services<br/>,Banking and Financial Services
Labor Market and Wages,Prices and Labor Markets
Nonfinancial Services<br> </br>,Nonfinancial Services
Prices and Wages<br/>,Prices and Labor Markets
Price and Costs,Prices and Labor Markets
Wages and Prices<br/>,Prices and Labor Markets
Natural Resources and Agriculture<br/>,Agriculture and Natural Resources
MANUFACTURING,Manufacturing and Transportation
RETAIL,Retail
FINANCE,Banking and Financial Services
Banking and finance,Banking and Financial Services
Consumer spending and Tourism,Consumer Spending and Tourism
Construction and Real estate,Real Estate and Construction
Selected Business Services,Selected Business Services
Selected Business Services,Selected Business Services
Consumer Spending and Tourism,Consumer Spending and Tourism
Manufacturing and Transportation,Manufacturing and Transportation
Real Estate and Construction,Real Estate and Construction
Agriculture and Natural Resources,Agriculture and Natural Resources
Energy,Energy
Prices and Labor Markets,Prices and Labor Markets
Retail,Retail
Banking and Financial Services,Banking and Financial Services
Services,Selected Business Services
Nonfinancial Services,Nonfinancial Services
Agriculture and Resource-Related Industries,Agriculture and Natural Resources
Consumer spending,Consumer Spending and Tourism
Business spending,Business Spending
MANUFACTURING,Manufacturing and Transportation
RETAIL,Retail
FINANCE,Banking and Financial Services
REAL ESTATE AND CONSTRUCTION,Real Estate and Construction
Overall,Overall
"Employment, wages and prices",Prices and Labor Markets
Retail and tourism,Retail
Construction and real estate,Real Estate and Construction
Banking and finance,Banking and Financial Services
Prices and costs,Prices and Labor Markets
Consumer spending and Tourism,Consumer Spending and Tourism
Construction and Real estate,Real Estate and Construction
Nonfinancial Services,Selected Business Services
Consumer spending,Consumer Spending and Tourism